,name,rating,reviwes,type,hq,old,employees
0,TCS,3.8,61.6k Reviews,Public,Mumbai +280 more,55 years old,1 Lakh+ Employees
1,Accenture,4.1,39.3k Reviews,Public,Dublin +140 more,34 years old,1 Lakh+ Employees
2,Cognizant,3.9,35.9k Reviews,Forbes Global 2000,Teaneck. New Jersey. +111 more,29 years old,1 Lakh+ Employees
3,Wipro,3.8,29.4k Reviews,Public,Bangalore/Bengaluru +242 more,78 years old,1 Lakh+ Employees
4,ICICI Bank,4.0,29.2k Reviews,Public,Mumbai +1176 more,29 years old,1 Lakh+ Employees
5,HDFC Bank,3.9,28.5k Reviews,Public,Mumbai +1403 more,29 years old,1 Lakh+ Employees
6,Infosys,3.9,26.9k Reviews,Public,Bengaluru/Bangalore +135 more,42 years old,1 Lakh+ Employees
7,Capgemini,3.9,24.9k Reviews,Public,Paris +86 more,56 years old,1 Lakh+ Employees
8,Tech Mahindra,3.7,23.5k Reviews,Public,Pune +231 more,37 years old,1 Lakh+ Employees
9,Genpact,4.0,22.7k Reviews,Public,New York +79 more,26 years old,50k-1 Lakh Employees
10,HCLTech,3.7,22.6k Reviews,Public,Noida +150 more,32 years old,1 Lakh+ Employees
11,Axis Bank,3.8,19.2k Reviews,Public,Mumbai +1207 more,30 years old,50k-1 Lakh Employees
12,Concentrix Corporation,4.0,18k Reviews,Public,Fremont +82 more,40 years old,10k-50k Employees
13,IBM,4.1,17.4k Reviews,Public,Armonk +129 more,112 years old,50k-1 Lakh Employees
14,Amazon,4.2,17.3k Reviews,Public,Seattle +389 more,29 years old,1 Lakh+ Employees
15,Reliance Jio,4.0,17.3k Reviews,Public,Navi Mumbai +1081 more,16 years old,50k-1 Lakh Employees
16,Larsen & Toubro Limited,4.0,16.4k Reviews,Public,Mumbai +570 more,85 years old,1 Lakh+ Employees
17,HDB Financial Services,4.0,15.5k Reviews,16 years old,Ahmedabad +879 more,16 years old,10k-50k Employees
18,Reliance Retail,3.9,15k Reviews,17 years old,Navi Mumbai +870 more,17 years old,1 Lakh+ Employees
19,Teleperformance,3.6,14.5k Reviews,Forbes Global 2000,Paris +131 more,45 years old,10k-50k Employees
0,Vodafone Idea,4.2,14.2k Reviews,Public,Gandhinagar +594 more,5 years old,10k-50k Employees
1,Deloitte,4.0,12.2k Reviews,178 years old,London +141 more,178 years old,50k-1 Lakh Employees
2,Kotak Mahindra Bank,3.8,12.1k Reviews,Public,Mumbai +504 more,20 years old,10k-50k Employees
3,BYJU'S,3.2,12k Reviews,Indian Unicorn,Bangalore +284 more,12 years old,1k-5k Employees
4,Reliance Industries,4.0,11.4k Reviews,46 years old,Navi Mumbai +572 more,46 years old,Public
5,Bharti Airtel,4.0,10.6k Reviews,Public,Gurgaon/Gurugram +584 more,28 years old,10k-50k Employees
6,Tata Motors,4.2,9.9k Reviews,Public,Pune +414 more,78 years old,10k-50k Employees
7,Flipkart,4.1,8.5k Reviews,Public,Bangalore +488 more,16 years old,10k-50k Employees
8,Ernst & Young,3.7,8.4k Reviews,21 years old,London +84 more,21 years old,10k-50k Employees
9,WNS,3.6,8.3k Reviews,27 years old,Mumbai +28 more,27 years old,10k-50k Employees
10,IndusInd Bank,3.7,7.9k Reviews,Public,Gurgaon/Gurugram +624 more,29 years old,10k-50k Employees
11,Mahindra & Mahindra,4.1,7.7k Reviews,Public,Mumbai +434 more,78 years old,1 Lakh+ Employees
12,DXC Technology,3.9,7.2k Reviews,Public,Minato +59 more,6 years old,10k-50k Employees
13,Infosys BPM,3.9,7.1k Reviews,21 years old,Bangalore/Bengaluru +53 more,21 years old,10k-50k Employees
14,IDFC FIRST Bank,4.0,6.7k Reviews,Public,Mumbai +492 more,5 years old,10k-50k Employees
15,Maruti Suzuki,4.2,6.6k Reviews,Public,New Delhi +392 more,40 years old,10k-50k Employees
16,Hinduja Global Solutions,4.0,6.3k Reviews,Public,Bangalore/Bengaluru +85 more,23 years old,10k-50k Employees
17,Bajaj Finserv,4.0,6.3k Reviews,Public,Pune +771 more,16 years old,10k-50k Employees
18,Conneqt Business Solutions,3.7,6.2k Reviews,21 years old,Mumbai +180 more,21 years old,10k-50k Employees
19,HSBC Group,4.1,6.1k Reviews,Forbes Global 2000,Pune +55 more,21 years old,10k-50k Employees
0,Startek,3.2,5.9k Reviews,Public,Mumbai +58 more,6 years old,10k-50k Employees
1,Ericsson,4.3,5.9k Reviews,Forbes Global 2000,Stockholm +138 more,147 years old,10k-50k Employees
2,Mphasis,3.6,5.9k Reviews,Public,Bangalore/Bengaluru +41 more,25 years old,10k-50k Employees
3,iEnergizer,4.2,5.9k Reviews,23 years old,Noida +19 more,23 years old,10k-50k Employees
4,PwC,3.7,5.7k Reviews,Conglomerate,London +75 more,143 years old,10k-50k Employees
5,HDFC Life,4.1,5.5k Reviews,Public,Mumbai +470 more,1 years old,10k-50k Employees
6,Yes Bank,3.9,5.5k Reviews,Public,Mumbai +408 more,19 years old,10k-50k Employees
7,Dr. Reddy's,4.2,5.4k Reviews,Public,Hyderabad/Secunderabad +147 more,39 years old,10k-50k Employees
8,Asian Paints,4.1,5.4k Reviews,Public,Mumbai +374 more,81 years old,10k-50k Employees
9,Cipla Pharmaceutical,4.1,5.3k Reviews,Public,Mumbai +200 more,88 years old,10k-50k Employees
10,Sutherland Global Services,3.8,5.3k Reviews,37 years old,Pittsford +43 more,37 years old,10k-50k Employees
11,NTT DATA,4.0,5.1k Reviews,35 years old,Chiyoda City +45 more,35 years old,10k-50k Employees
12,ICICI Prudential Life Insurance,4.1,5k Reviews,Public,Mumbai +423 more,23 years old,10k-50k Employees
13,Jana Small Finance Bank,3.8,5k Reviews,Public,Bangalore/Bengaluru +326 more,17 years old,10k-50k Employees
14,EXL Service,3.8,5k Reviews,24 years old,New York City +36 more,24 years old,10k-50k Employees
15,KPMG,3.7,4.9k Reviews,36 years old,Bengaluru/Bangalore +68 more,36 years old,10k-50k Employees
16,Udaan,4.0,4.9k Reviews,Indian Unicorn,Bangalore +328 more,7 years old,1k-5k Employees
17,HCL Group,3.8,4.9k Reviews,47 years old,Chennai +65 more,47 years old,1 Lakh+ Employees
18,Lupin,4.1,4.9k Reviews,Public,Mumbai +147 more,55 years old,10k-50k Employees
19,UltraTech Cement,4.2,4.9k Reviews,Public,Mumbai +388 more,40 years old,10k-50k Employees
0,Paytm,3.6,4.7k Reviews,Public,Noida +267 more,13 years old,5k-10k Employees
1,Bandhan Bank,3.8,4.7k Reviews,Public,Kolkata +653 more,22 years old,50k-1 Lakh Employees
2,Bajaj Finance,4.1,4.6k Reviews,36 years old,Pune +687 more,36 years old,10k-50k Employees
3,L&T Infotech,3.8,4.6k Reviews,Public,Mumbai +70 more,27 years old,10k-50k Employees
4,Indian Army,4.7,4.5k Reviews,Public,New Delhi +293 more,128 years old,1 Lakh+ Employees
5,ITC,3.9,4.5k Reviews,Public,Kolkata +268 more,48 years old,10k-50k Employees
6,AU Small Finance Bank,4.2,4.5k Reviews,Fortune India 500,Jaipur +331 more,27 years old,10k-50k Employees
7,Mindtree,4.0,4.4k Reviews,Public,Bangalore/Bengaluru +28 more,24 years old,10k-50k Employees
8,Hindustan Unilever,4.3,4.4k Reviews,Public,Mumbai +392 more,90 years old,10k-50k Employees
9,JP Morgan Chase,4.2,4.4k Reviews,23 years old,New York +26 more,23 years old,Forbes Global 2000
10,FIS,3.9,4.3k Reviews,55 years old,Jacksonville +34 more,55 years old,5k-10k Employees
11,Ujjivan Small Finance Bank,4.1,4.3k Reviews,Public,Bangalore/Bengaluru +397 more,6 years old,10k-50k Employees
12,Delhivery,4.0,4.3k Reviews,Fortune India 500,Delhi +536 more,12 years old,10k-50k Employees
13,Wells Fargo,4.2,4.3k Reviews,Public,San Francisco +17 more,171 years old,10k-50k Employees
14,IIFL Finance,3.8,4.2k Reviews,Public,Mumbai +588 more,28 years old,10k-50k Employees
15,Amazon Development Centre India,4.2,4.1k Reviews,,Hyderabad/Secunderabad +48 more,,
16,Home Credit Finance,4.1,4.1k Reviews,11 years old,Gurugram +108 more,11 years old,5k-10k Employees
17,Quess,4.0,4.1k Reviews,Public,Bangalore +445 more,16 years old,1 Lakh+ Employees
18,TATA Steel,4.1,4k Reviews,Public,Mumbai +133 more,116 years old,1 Lakh+ Employees
19,Sun Pharmaceutical Industries,4.1,4k Reviews,Public,Mumbai +172 more,40 years old,10k-50k Employees
0,Hexaware Technologies,3.7,4k Reviews,Fortune India 500,Mumbai +34 more,33 years old,10k-50k Employees
1,OPPO,3.9,3.9k Reviews,Public,Dongguan +349 more,19 years old,10k-50k Employees
2,Shapoorji Pallonji Group,4.2,3.9k Reviews,Conglomerate,Mumbai +148 more,158 years old,5k-10k Employees
3,Ashok Leyland,4.1,3.9k Reviews,Public,Chennai +200 more,75 years old,10k-50k Employees
4,JSW Steel,3.9,3.9k Reviews,Public,Mumbai +112 more,41 years old,10k-50k Employees
5,Shriram Transport Finance,4.1,3.8k Reviews,Public,Mumbai +735 more,44 years old,10k-50k Employees
6,Aurobindo Pharma,4.0,3.8k Reviews,Public,Hyderabad/Secunderabad +55 more,37 years old,10k-50k Employees
7,Max Life Insurance,4.2,3.8k Reviews,23 years old,Gurgaon/Gurugram +343 more,23 years old,10k-50k Employees
8,Vivo,4.0,3.8k Reviews,Conglomerate,Gurgaon/Gurugram +350 more,14 years old,5k-10k Employees
9,Muthoot Finance,3.6,3.8k Reviews,Public,Kochi/Cochin +551 more,84 years old,10k-50k Employees
10,eClerx,3.5,3.8k Reviews,Public,Mumbai +15 more,23 years old,10k-50k Employees
11,Zydus Cadila,4.2,3.7k Reviews,Public,Ahmedabad +120 more,71 years old,10k-50k Employees
12,Siemens,4.2,3.7k Reviews,Public,Munich +114 more,176 years old,5k-10k Employees
13,Oracle,3.9,3.7k Reviews,Public,Austin +36 more,46 years old,50k-1 Lakh Employees
14,Apollo Hospitals,4.1,3.7k Reviews,Public,Chennai +168 more,40 years old,50k-1 Lakh Employees
15,Mahindra & Mahindra Financial Services,4.3,3.7k Reviews,Public,Mumbai +600 more,32 years old,10k-50k Employees
16,Tata Projects,4.2,3.7k Reviews,Public,Mumbai +219 more,44 years old,10k-50k Employees
17,JLL,4.2,3.6k Reviews,Forbes Global 2000,Mumbai +64 more,26 years old,5k-10k Employees
18,Capgemini Technology Services India Limited,4.0,3.6k Reviews,,Bengaluru/Bangalore +31 more,,
19,First Source,3.9,3.6k Reviews,Public,Mumbai +49 more,22 years old,10k-50k Employees
0,Hero MotoCorp,4.1,3.6k Reviews,Public,Gurgaon/Gurugram +287 more,39 years old,5k-10k Employees
1,Hewlett-Packard Enterprise,4.3,3.6k Reviews,Forbes Global 2000,Houston +88 more,8 years old,10k-50k Employees
2,JustDial,3.6,3.5k Reviews,Public,Mumbai +150 more,27 years old,10k-50k Employees
3,Bajaj Allianz Life Insurance,4.1,3.5k Reviews,22 years old,Pune +473 more,22 years old,10k-50k Employees
4,Omega Healthcare,3.8,3.4k Reviews,19 years old,Florida +37 more,19 years old,5k-10k Employees
5,Cyient,3.7,3.4k Reviews,Public,Hyderabad/Secunderabad +27 more,32 years old,10k-50k Employees
6,Megha Engineering & Infrastructures,4.1,3.4k Reviews,Conglomerate,Hyderabad/Secunderabad +246 more,34 years old,1k-5k Employees
7,L&T Construction,4.0,3.3k Reviews,Public,Chennai +283 more,79 years old,10k-50k Employees
8,Hyundai Motor,4.3,3.3k Reviews,Fortune India 500,Seoul +246 more,56 years old,10k-50k Employees
9,Reliance Communications,4.0,3.3k Reviews,Public,Navi Mumbai +395 more,21 years old,10k-50k Employees
10,D Mart,3.9,3.3k Reviews,Fortune India 500,Mumbai +197 more,4 years old,10k-50k Employees
11,TVS Motor,4.0,3.2k Reviews,Public,Chennai +250 more,44 years old,10k-50k Employees
12,BigBasket,4.0,3.2k Reviews,Indian Unicorn,Bangalore +97 more,12 years old,10k-50k Employees
13,Oyo Rooms,3.4,3.2k Reviews,Indian Unicorn,Gurgaon +109 more,10 years old,1k-5k Employees
14,Bosch,4.3,3.2k Reviews,Public,Gerlingen +90 more,137 years old,10k-50k Employees
15,Indiamart Intermesh,3.7,3.1k Reviews,27 years old,Noida +121 more,27 years old,10k-50k Employees
16,Intelenet Global Services,3.7,3.1k Reviews,23 years old,Mumbai +57 more,23 years old,10k-50k Employees
17,Future Group,4.2,3.1k Reviews,Conglomerate,Mumbai +196 more,10 years old,10k-50k Employees
18,Atos Syntel,3.6,3.1k Reviews,43 years old,Troy +15 more,43 years old,5k-10k Employees
19,Manappuram Finance,3.9,3.1k Reviews,Public,Thrissur/Trichur +444 more,74 years old,10k-50k Employees
0,SBI Cards & Payment Services,3.7,3k Reviews,25 years old,Gurgaon/Gurugram +295 more,25 years old,1k-5k Employees
1,BNY Mellon,4.1,3k Reviews,Forbes Global 2000,New York City +12 more,19 years old,5k-10k Employees
2,Cummins,4.4,3k Reviews,Fortune India 500,Columbus +92 more,61 years old,10k-50k Employees
3,Bosch Global Software Technologies,4.2,3k Reviews,33 years old,Gerlingen +23 more,33 years old,10k-50k Employees
4,Wipro BPS,3.8,3k Reviews,23 years old,Bengaluru +38 more,23 years old,1 Lakh+ Employees
5,UST,3.8,3k Reviews,22 years old,Aliso Viejo +32 more,22 years old,10k-50k Employees
6,IQVIA,4.1,3k Reviews,Forbes Global 2000,Durham +38 more,41 years old,10k-50k Employees
7,Coforge,3.6,3k Reviews,Public,Noida +78 more,19 years old,10k-50k Employees
8,Amdocs,4.0,3k Reviews,Forbes Global 2000,Chesterfield +13 more,41 years old,10k-50k Employees
9,Fullerton India,4.1,3k Reviews,16 years old,Mumbai +437 more,16 years old,10k-50k Employees
10,Samsung,4.1,2.9k Reviews,85 years old,Seoul +387 more,85 years old,Public
11,Schneider Electric,4.1,2.9k Reviews,Forbes Global 2000,Paris +97 more,24 years old,10k-50k Employees
12,Nagarro,4.4,2.9k Reviews,27 years old,Munich +33 more,27 years old,10k-50k Employees
13,ICICI Lombard General Insurance Company,3.8,2.9k Reviews,Public,Mumbai +227 more,22 years old,10k-50k Employees
14,CBRE,4.2,2.9k Reviews,Forbes Global 2000,Los Angeles +62 more,117 years old,10k-50k Employees
15,GlobalLogic,3.8,2.9k Reviews,23 years old,San Jose +25 more,23 years old,10k-50k Employees
16,Virtusa Consulting Services,3.8,2.9k Reviews,27 years old,Southborough +25 more,27 years old,10k-50k Employees
17,JBM Group,4.0,2.8k Reviews,Public,Gurgaon/Gurugram +75 more,40 years old,10k-50k Employees
18,Dell,4.1,2.8k Reviews,Forbes Global 2000,Round Rock +82 more,39 years old,10k-50k Employees
19,Ecom Express,4.1,2.8k Reviews,11 years old,Gurgaon +560 more,11 years old,10k-50k Employees
0,Bajaj Auto,3.9,2.8k Reviews,Public,Pune +222 more,78 years old,5k-10k Employees
1,State Bank of India,3.8,2.8k Reviews,Fortune India 500,Mumbai +425 more,217 years old,1 Lakh+ Employees
2,Cholamandalam Investment & Finance,4.1,2.8k Reviews,Fortune India 500,Chennai +543 more,45 years old,5k-10k Employees
3,Equitas Small Finance Bank,4.1,2.8k Reviews,Fortune India 500,Chennai +322 more,16 years old,10k-50k Employees
4,Viatris,4.2,2.8k Reviews,Forbes Global 2000,Canonsburg +64 more,62 years old,10k-50k Employees
5,Swiggy,4.0,2.8k Reviews,Indian Unicorn,Bangalore +155 more,9 years old,5k-10k Employees
6,Samvardhana Motherson Group,3.8,2.7k Reviews,Public,Noida +66 more,37 years old,5k-10k Employees
7,KEC International,4.1,2.7k Reviews,Public,Mumbai +240 more,78 years old,5k-10k Employees
8,Nagarjuna Construction Company,4.1,2.7k Reviews,Public,Hyderabad/Secunderabad +196 more,25 years old,1k-5k Employees
9,Aditya Birla Fashion and Retail,4.2,2.7k Reviews,Fortune India 500,Mumbai +207 more,8 years old,10k-50k Employees
10,Muthoot Fincorp,4.0,2.7k Reviews,Conglomerate,Trivandrum/Thiruvananthapuram +500 more,136 years old,10k-50k Employees
11,SBI Life Insurance Company,3.8,2.7k Reviews,22 years old,Mumbai +477 more,22 years old,10k-50k Employees
12,Ekart Logistics,4.1,2.7k Reviews,14 years old,San Francisco +496 more,14 years old,5k-10k Employees
13,Godrej & Boyce Manufacturing,3.9,2.7k Reviews,Fortune India 500,Mumbai +122 more,126 years old,10k-50k Employees
14,Royal Enfield,4.2,2.7k Reviews,122 years old,Gurgaon/Gurugram +274 more,122 years old,1k-5k Employees
15,L&T Technology Services,3.4,2.7k Reviews,Public,Vadodara/Baroda +31 more,11 years old,10k-50k Employees
16,Optum,4.1,2.6k Reviews,46 years old,Prairie +22 more,46 years old,10k-50k Employees
17,Tata Communications,4.1,2.6k Reviews,Public,Mumbai +82 more,37 years old,5k-10k Employees
18,LG Electronics,4.0,2.6k Reviews,Public,Seoul +223 more,65 years old,10k-50k Employees
19,Piramal Capital Housing Finance,4.3,2.6k Reviews,3 years old,Mumbai +289 more,3 years old,5k-10k Employees
0,John Deere,4.3,2.6k Reviews,Fortune India 500,Moline +104 more,22 years old,5k-10k Employees
1,Whitehat jr,3.6,2.6k Reviews,Startup,Mumbai +47 more,5 years old,5k-10k Employees
2,L&T Finance,4.0,2.6k Reviews,Public,Mumbai +437 more,29 years old,10k-50k Employees
3,Intas Pharmaceuticals,4.2,2.6k Reviews,Fortune India 500,Ahmedabad +105 more,23 years old,10k-50k Employees
4,Thermax Limited,4.2,2.5k Reviews,Public,Pune +142 more,43 years old,5k-10k Employees
5,Varun Beverages,4.0,2.5k Reviews,Public,Gurgaon/Gurugram +243 more,28 years old,10k-50k Employees
6,Hetero Drugs,3.8,2.5k Reviews,30 years old,Hyderabad/Secunderabad +34 more,30 years old,1k-5k Employees
7,UnitedHealth,4.2,2.5k Reviews,Forbes Global 2000,Minnetonka +14 more,46 years old,10k-50k Employees
8,Ford Motor,4.5,2.5k Reviews,Public,Dearborn +101 more,120 years old,5k-10k Employees
9,Sodexo,4.1,2.5k Reviews,Forbes Global 2000,Issy les Moulineaux +121 more,15 years old,10k-50k Employees
10,Abbott Healthcare,4.2,2.5k Reviews,Public,Illinois City +159 more,32 years old,1k-5k Employees
11,Deutsche Bank,4.1,2.5k Reviews,Fortune India 500,Frankfurt +30 more,153 years old,10k-50k Employees
12,Subros,4.0,2.5k Reviews,Public,Noida +37 more,38 years old,1k-5k Employees
13,Macleods Pharmaceuticals,3.8,2.5k Reviews,Public,Mumbai +81 more,37 years old,5k-10k Employees
14,Randstad,3.9,2.5k Reviews,31 years old,Chennai +225 more,31 years old,Conglomerate
15,VE Commercial Vehicles,4.0,2.4k Reviews,15 years old,Gurgaon/Gurugram +114 more,15 years old,1k-5k Employees
16,Automatic Data Processing (ADP),4.2,2.4k Reviews,Forbes Global 2000,New Jersey +17 more,74 years old,5k-10k Employees
17,American Express,4.3,2.4k Reviews,Forbes Global 2000,New York City +38 more,173 years old,10k-50k Employees
18,Havells,4.1,2.3k Reviews,Public,Noida +154 more,40 years old,5k-10k Employees
19,CARS24,3.6,2.3k Reviews,Indian Unicorn,Gurgaon +137 more,8 years old,5k-10k Employees
0,Wipro Consumer Care & Lighting,3.7,2.3k Reviews,78 years old,New Delhi +81 more,78 years old,1k-5k Employees
1,Pidilite Industries,4.4,2.3k Reviews,Public,New Delhi +201 more,64 years old,5k-10k Employees
2,Alkem Laboratories,4.0,2.3k Reviews,Public,New Delhi +132 more,50 years old,10k-50k Employees
3,Hindustan Coca Cola Beverages,4.4,2.3k Reviews,26 years old,New Delhi +191 more,26 years old,5k-10k Employees
4,Bharat Electronics,4.1,2.3k Reviews,Fortune India 500,New Delhi +37 more,69 years old,5k-10k Employees
5,Indian Air Force,4.6,2.3k Reviews,91 years old,New Delhi +108 more,91 years old,1 Lakh+ Employees
6,Axis Direct,4.0,2.3k Reviews,12 years old,New Delhi +265 more,12 years old,1k-5k Employees
7,Alembic Pharmaceuticals,4.0,2.3k Reviews,Public,New Delhi +128 more,116 years old,10k-50k Employees
8,Wipro Infotech,4.0,2.3k Reviews,MNC,New Delhi +116 more,78 years old,1 Lakh+ Employees (Global)
9,Atos,3.9,2.3k Reviews,Forbes Global 2000,New Delhi +35 more,26 years old,201-500 Employees
10,Team Lease,3.9,2.3k Reviews,Public,New Delhi +255 more,7 years old,1k-5k Employees
11,Cgi Group,4.2,2.3k Reviews,Forbes Global 2000,Bengaluru/Bangalore +14 more,47 years old,10k-50k Employees
12,Hindalco Industries,4.3,2.3k Reviews,Public,New Delhi +72 more,65 years old,10k-50k Employees
13,Vishal Mega Mart,3.8,2.2k Reviews,15 years old,New Delhi +294 more,15 years old,10k-50k Employees
14,DCB Bank,3.9,2.2k Reviews,Fortune India 500,New Delhi +281 more,93 years old,5k-10k Employees
15,CMS IT Services,3.2,2.2k Reviews,Startup,New Delhi +134 more,9 years old,5k-10k Employees
16,Persistent Systems,3.9,2.2k Reviews,Public,New Delhi +17 more,33 years old,10k-50k Employees
17,Publicis Sapient,3.6,2.2k Reviews,33 years old,New Delhi +15 more,33 years old,10k-50k Employees
18,ABB Group,4.1,2.2k Reviews,Public,New Delhi +88 more,35 years old,10k-50k Employees
19,Glenmark Pharmaceuticals,4.0,2.2k Reviews,Public,New Delhi +120 more,46 years old,501-1k Employees
0,Ipca Laboratories,4.0,2.2k Reviews,Public,Mumbai +104 more,74 years old,10k-50k Employees
1,NatWest Group,4.1,2.2k Reviews,Forbes Global 2000,Gurgaon/Gurugram +21 more,Forbes Global 2000,10k-50k Employees
2,Honda Motorcycle & Scooter,4.2,2.2k Reviews,24 years old,Gurgaon/Gurugram +190 more,24 years old,1k-5k Employees
3,DTDC Express,3.8,2.2k Reviews,33 years old,Bangalore/Bengaluru +205 more,33 years old,1k-5k Employees
4,Standard Chartered Bank,4.0,2.2k Reviews,Fortune India 500,London +57 more,54 years old,10k-50k Employees
5,Bank of America,4.4,2.2k Reviews,Fortune India 500,Charlotte +25 more,25 years old,10k-50k Employees
6,MRF Tyres,3.7,2.2k Reviews,Public,Chennai +160 more,77 years old,10k-50k Employees
7,Maersk,4.3,2.2k Reviews,119 years old,Copenhagen +26 more,119 years old,10k-50k Employees
8,Reliance Nippon Life Insurance,3.9,2.1k Reviews,23 years old,Mumbai +410 more,23 years old,10k-50k Employees
9,GATI-KWE,4.1,2.1k Reviews,11 years old,Hyderabad/Secunderabad +153 more,11 years old,1k-5k Employees
10,Aarti Industries,4.1,2.1k Reviews,Public,Mumbai +37 more,48 years old,5k-10k Employees
11,R1 RCM,3.9,2.1k Reviews,20 years old,Murray +18 more,20 years old,5k-10k Employees
12,Access Healthcare,3.9,2.1k Reviews,12 years old,Dallas +18 more,12 years old,1k-5k Employees
13,24/7 Customer,3.6,2.1k Reviews,23 years old,San Jose +22 more,23 years old,5k-10k Employees
14,Biocon,3.9,2.1k Reviews,Public,Bangalore/Bengaluru +57 more,45 years old,10k-50k Employees
15,Tata AIA Life Insurance,4.1,2.1k Reviews,22 years old,Mumbai +261 more,22 years old,10k-50k Employees
16,Shoppers Stop,4.2,2.1k Reviews,Public,Mumbai +58 more,32 years old,5k-10k Employees
17,Conduent,3.6,2.1k Reviews,6 years old,Florham Park +19 more,6 years old,5k-10k Employees
18,ITC Infotech India,3.6,2.1k Reviews,23 years old,Bangalore/Bengaluru +43 more,23 years old,5k-10k Employees
19,Utkarsh Small Finance Bank,3.9,2.1k Reviews,Public,Varanasi +261 more,14 years old,10k-50k Employees
0,Paras Hospital,4.7,2.1k Reviews,17 years old,Gurgaon/Gurugram +32 more,17 years old,5k-10k Employees
1,Jindal Steel and Power,3.9,2.1k Reviews,Fortune India 500,Delhi/NCR +96 more,71 years old,5k-10k Employees
2,Suzlon Group,4.1,2.1k Reviews,Public,Pune +96 more,28 years old,5k-10k Employees
3,Ceat Tyres,4.0,2.1k Reviews,Public,Mumbai +97 more,65 years old,5k-10k Employees
4,Berger Paints,3.7,2.1k Reviews,Public,Kolkata +204 more,100 years old,1k-5k Employees
5,HDFC Ergo General Insurance,4.0,2.1k Reviews,Public,Mumbai +203 more,21 years old,5k-10k Employees
6,Indian Oil Corporation,4.4,2.1k Reviews,Fortune India 500,Delhi/NCR +214 more,64 years old,10k-50k Employees
7,RSPL Group,4.1,2.1k Reviews,36 years old,Mumbai +158 more,36 years old,1k-5k Employees
8,Dabur,3.9,2.1k Reviews,Public,Ghaziabad +218 more,139 years old,5k-10k Employees
9,RBL Bank,3.7,2k Reviews,Public,Mumbai +192 more,80 years old,1k-5k Employees
10,PolicyBazaar,3.5,2k Reviews,Public,Gurgaon +58 more,15 years old,5k-10k Employees
11,GeBBS Healthcare Solutions,3.8,2k Reviews,18 years old,Culver City +12 more,18 years old,5k-10k Employees
12,Escorts Kubota Limited,4.1,2k Reviews,Public,Faridabad +115 more,63 years old,10k-50k Employees
13,ACC,4.0,2k Reviews,Public,Mumbai +194 more,87 years old,5k-10k Employees
14,JK Cement,4.1,2k Reviews,Public,Gurgaon/Gurugram +202 more,49 years old,1k-5k Employees
15,PNB MetLife,3.5,2k Reviews,Conglomerate,Mumbai +283 more,22 years old,5k-10k Employees
16,Kotak Mahindara Life Insurance,3.8,2k Reviews,Public,Mumbai +184 more,22 years old,10k-50k Employees
17,Carelon Global Solutions,4.1,2k Reviews,,Hyderabad/Secunderabad +9 more,,
18,Cogent E Services,3.4,2k Reviews,Conglomerate,Noida +29 more,19 years old,10k-50k Employees
19,Simplex Infrastructures,3.3,2k Reviews,Public,Kolkata +127 more,99 years old,1k-5k Employees
0,Titan Company,4.4,2k Reviews,Public,Mumbai +129 more,5 years old,5k-10k Employees
1,Bajaj Electricals,4.1,2k Reviews,Public,Mumbai +177 more,85 years old,1k-5k Employees
2,Torrent Pharmaceuticals,3.9,2k Reviews,Public,Ahmedabad +90 more,52 years old,10k-50k Employees
3,IndiGo,3.6,2k Reviews,Fortune India 500,Gurgaon/Gurugram +81 more,17 years old,10k-50k Employees
4,Reliance Digital,4.2,2k Reviews,16 years old,Mumbai +271 more,16 years old,5k-10k Employees
5,Aakash Educational Services,3.6,2k Reviews,35 years old,New Delhi +183 more,35 years old,10k-50k Employees
6,ArcelorMittal Nippon Steel,4.0,2k Reviews,Conglomerate,Surat +56 more,Conglomerate,5k-10k Employees
7,Arvind Group,4.1,2k Reviews,Public,Ahmedabad +120 more,92 years old,10k-50k Employees
8,KocharTech,4.2,2k Reviews,28 years old,Gurgaon/Gurugram +21 more,28 years old,1k-5k Employees
9,Wipro Enterprises Ltd,3.8,2k Reviews,78 years old,Bangalore +72 more,78 years old,501-1k Employees
10,Dilip Buildcon,4.0,2k Reviews,Public,Bhopal +167 more,36 years old,10k-50k Employees
11,Huawei Technologies,4.0,2k Reviews,21 years old,Gurgaon/Gurugram +92 more,21 years old,51-200 Employees
12,Jubilant Foods Works,3.9,1.9k Reviews,Public,Noida +166 more,28 years old,10k-50k Employees
13,KPIT Technologies,3.6,1.9k Reviews,Public,Pune +23 more,33 years old,5k-10k Employees
14,UPL,4.1,1.9k Reviews,Public,Mumbai +136 more,54 years old,1k-5k Employees
15,Lava International,4.1,1.9k Reviews,Public,Noida +205 more,14 years old,1k-5k Employees
16,Domino's Pizza,4.0,1.9k Reviews,Public,Ypsilanti +204 more,63 years old,1k-5k Employees
17,Marpu Foundation,4.9,1.9k Reviews,7 years old,Hyderabad/Secunderabad +37 more,7 years old,11-50 Employees
18,Apollo Tyres,4.1,1.9k Reviews,Public,Gurgaon/Gurugram +141 more,51 years old,5k-10k Employees
19,Reliance SMSL,4.0,1.9k Reviews,Public,Mumbai +432 more,16 years old,1k-5k Employees
0,Capita,3.9,1.9k Reviews,Indore +20 ,Indore +20 more,18 years old,18 years old
1,Flex,4.1,1.9k Reviews,Forbes Global 2000,San Jose +35 more,54 years old,10k-50k Employees
2,Tata AIG,4.2,1.9k Reviews,23 years old,Mumbai +199 more,23 years old,5k-10k Employees
3,McDonald's,4.3,1.9k Reviews,Forbes Global 2000,Chicago +127 more,68 years old,5k-10k Employees
4,Synechron,4.1,1.9k Reviews,22 years old,New York +19 more,22 years old,5k-10k Employees
5,Patanjali Ayurved,4.0,1.9k Reviews,Fortune India 500,Haridwar +242 more,17 years old,5k-10k Employees
6,Statestreet HCL Services,3.2,1.9k Reviews,11 years old,New Delhi +14 more,11 years old,5k-10k Employees
7,Birlasoft,3.7,1.9k Reviews,Public,Pune +30 more,28 years old,10k-50k Employees
8,S&P Global,4.2,1.9k Reviews,Public,New York City +18 more,106 years old,5k-10k Employees
9,Taj Hotels Resorts and Palaces,4.2,1.9k Reviews,120 years old,Mumbai +85 more,120 years old,10k-50k Employees
10,State Street Syntel,3.8,1.9k Reviews,19 years old,Mumbai +16 more,19 years old,501-1k Employees
11,AFCONS Infrastructure,4.4,1.9k Reviews,64 years old,Mumbai +77 more,64 years old,10k-50k Employees
12,Lenskart,3.2,1.8k Reviews,Indian Unicorn,Faridabad +136 more,13 years old,1k-5k Employees
13,Tractors and Farm Equipment,4.1,1.8k Reviews,Public,Chennai +147 more,63 years old,5k-10k Employees
14,Tech Mahindra Business Services,3.5,1.8k Reviews,Public,Mumbai +38 more,20 years old,1k-5k Employees
15,Walmart,4.0,1.8k Reviews,Forbes Global 2000,Bangalore/Bengaluru +72 more,14 years old,5k-10k Employees
16,Max Healthcare,4.2,1.8k Reviews,Fortune India 500,Delhi/NCR +53 more,22 years old,1k-5k Employees
17,AGS Health,4.0,1.8k Reviews,12 years old,Washington DC +30 more,12 years old,10k-50k Employees
18,Capgemini Engineering,3.6,1.8k Reviews,,Gurgaon/Gurugram +16 more,10k-50k Employees,Gurgaon/Gurugram +16 more
19,Mankind Pharma,4.1,1.8k Reviews,Fortune India 500,New Delhi +163 more,28 years old,5k-10k Employees
0,Zensar Technologies,3.8,1.8k Reviews,Public,Pune +20 more,22 years old,5k-10k Employees
1,Square Yards,3.8,1.8k Reviews,10 years old,Gurgaon +38 more,10 years old,1k-5k Employees
2,Tata Technologies,3.7,1.8k Reviews,Conglomerate,Singapore +42 more,34 years old,5k-10k Employees
3,Fortis Healthcare,4.0,1.8k Reviews,Public,Gurgaon/Gurugram +55 more,27 years old,5k-10k Employees
4,Nestle,4.1,1.8k Reviews,Public,Vevey +204 more,64 years old,5k-10k Employees
5,Blue Dart Express,4.1,1.8k Reviews,Public,Mumbai +217 more,40 years old,10k-50k Employees
6,Bajaj Allianz General Insurance,4.1,1.8k Reviews,Pune +181 ,Pune +181 more,5k-10k Employees,5k-10k Employees
7,Landmark Group,4.1,1.8k Reviews,Conglomerate,Dubai Marina +127 more,50 years old,1k-5k Employees
8,Ola Cabs,3.6,1.8k Reviews,Indian Unicorn,Bangalore +88 more,13 years old,501-1k Employees
9,Fiserv,3.7,1.7k Reviews,Forbes Global 2000,Brookfield +26 more,39 years old,5k-10k Employees
10,Birla Sun Life Insurance,4.2,1.7k Reviews,23 years old,Mumbai +325 more,23 years old,10k-50k Employees
11,HDFC Sales,4.0,1.7k Reviews,19 years old,Mumbai +248 more,19 years old,10k-50k Employees
12,Future Retail,4.3,1.7k Reviews,Public,San Francisco +193 more,36 years old,10k-50k Employees
13,IGT Solutions,3.4,1.7k Reviews,25 years old,Gurgaon/Gurugram +17 more,25 years old,5k-10k Employees
14,Societe Generale,3.9,1.7k Reviews,23 years old,Bangalore/Bengaluru +13 more,23 years old,1k-5k Employees
15,I Process Services,3.9,1.7k Reviews,18 years old,Mumbai +244 more,18 years old,1k-5k Employees
16,BlackBuck,3.9,1.7k Reviews,Indian Unicorn,Bangalore +265 more,8 years old,501-1k Employees
17,Lifestyle,4.4,1.7k Reviews,Fortune India 500,Bangalore/Bengaluru +102 more,24 years old,10k-50k Employees
18,Nokia,4.2,1.7k Reviews,Forbes Global 2000,Espoo +142 more,158 years old,10k-50k Employees
19,JMC Projects,4.2,1.7k Reviews,Public,Mumbai +110 more,41 years old,1k-5k Employees
0,Eureka Forbes,3.9,1.7k Reviews,41 years old,Mumbai +152 more,41 years old,5k-10k Employees
1,Rivigo,3.9,1.7k Reviews,Indian Unicorn,Gurgaon +147 more,9 years old,1k-5k Employees
2,Voltas,4.0,1.7k Reviews,Public,Mumbai +152 more,69 years old,1k-5k Employees
3,UNO Minda,4.0,1.7k Reviews,Fortune India 500,Gurgaon +75 more,65 years old,201-500 Employees
4,The Himalaya Drug Company,4.1,1.7k Reviews,93 years old,San Francisco +178 more,93 years old,5k-10k Employees
5,Micro Labs,3.7,1.7k Reviews,50 years old,Bangalore/Bengaluru +106 more,50 years old,10k-50k Employees
6,Extramarks Education,3.5,1.7k Reviews,16 years old,Noida +96 more,16 years old,1k-5k Employees
7,State Street Corporation,3.8,1.7k Reviews,Forbes Global 2000,Boston +14 more,231 years old,10k-50k Employees
8,Radisson Hotels,4.0,1.7k Reviews,114 years old,Minnetonka +94 more,114 years old,10k-50k Employees
9,G4S,4.0,1.7k Reviews,27 years old,Gurgaon/Gurugram +113 more,27 years old,1 Lakh+ Employees
10,Tata Teleservices,4.1,1.7k Reviews,Public,Mumbai +144 more,27 years old,201-500 Employees
11,TVS Supply Chain Solutions,3.9,1.7k Reviews,127 years old,Chennai +120 more,127 years old,1k-5k Employees
12,Aditya Birla Group,4.2,1.6k Reviews,Conglomerate,Mumbai +207 more,166 years old,10k-50k Employees
13,Exide Industries,3.5,1.6k Reviews,Public,Kolkata +168 more,76 years old,1k-5k Employees
14,Britannia,4.1,1.6k Reviews,Public,Reading +193 more,131 years old,5k-10k Employees
15,PepsiCo,4.1,1.6k Reviews,Forbes Global 2000,Harrison +191 more,34 years old,1k-5k Employees
16,ElasticRun,3.5,1.6k Reviews,Indian Unicorn,Pune +297 more,7 years old,1k-5k Employees
17,Ajanta Pharma,4.0,1.6k Reviews,Public,Mumbai +88 more,50 years old,1k-5k Employees
18,Grasim Industries,4.0,1.6k Reviews,Public,Nagda +71 more,76 years old,10k-50k Employees
19,Nokia Networks,4.4,1.6k Reviews,,Chennai +79 more,10k-50k Employees,Chennai +79 more
0,R.R. Donnelley,4.1,1.6k Reviews,159 years old,Chicago +12 more,159 years old,5k-10k Employees
1,ACT Fibernet,4.1,1.6k Reviews,15 years old,Bengaluru/Bangalore +41 more,15 years old,5k-10k Employees
2,Life Insurance Corporation of India,4.3,1.6k Reviews,Fortune India 500,Mumbai +385 more,67 years old,1 Lakh+ Employees
3,Cholamandalam MS General Insurance,3.9,1.6k Reviews,22 years old,Chennai +304 more,22 years old,1k-5k Employees
4,Blue Star,4.1,1.6k Reviews,Public,Mumbai +120 more,80 years old,1k-5k Employees
5,Shree Cement,4.1,1.6k Reviews,Public,Kolkata +160 more,44 years old,5k-10k Employees
6,Pfizer,4.1,1.6k Reviews,Public,Chennai +108 more,19 years old,1k-5k Employees
7,Sterlite Technologies,3.9,1.6k Reviews,Public,Pune +63 more,35 years old,1k-5k Employees
8,Dalmia Bharat Cement,4.1,1.6k Reviews,Public,Delhi/NCR +164 more,88 years old,5k-10k Employees
9,Delhi Public School,3.9,1.6k Reviews,Public,Greater Noida +220 more,25 years old,1k-5k Employees
10,Johnson Controls,3.4,1.6k Reviews,Public,Cork +43 more,28 years old,1k-5k Employees
11,TVS Credit,4.3,1.6k Reviews,Public,Chennai +233 more,15 years old,10k-50k Employees
12,Croma,4.2,1.6k Reviews,17 years old,Mumbai +118 more,17 years old,1k-5k Employees
13,CG Power and Industrial Solutions,3.8,1.6k Reviews,Public,Mumbai +96 more,86 years old,1k-5k Employees
14,Yazaki,3.8,1.6k Reviews,82 years old,Tokyo +50 more,82 years old,10k-50k Employees
15,Renault-Nissan,4.1,1.6k Reviews,16 years old,Chennai +71 more,16 years old,10k-50k Employees
16,Sonalika Tractors,3.8,1.5k Reviews,54 years old,Hoshiarpur +132 more,54 years old,1k-5k Employees
17,Emcure Pharmaceuticals,3.8,1.5k Reviews,Fortune India 500,Pune +82 more,42 years old,5k-10k Employees
18,Samsung Electronics,4.1,1.5k Reviews,,Noida +185 more,,
19,Mahindra Logistics,4.1,1.5k Reviews,Public,Mumbai +109 more,23 years old,1k-5k Employees
0,IKS Health,3.6,1.5k Reviews,16 years old,Mumbai +10 more,16 years old,5k-10k Employees
1,PVR Cinemas,4.2,1.5k Reviews,Public,Gurgaon +94 more,26 years old,5k-10k Employees
2,Kalyan Jewellers,4.8,1.5k Reviews,Fortune India 500,Bengaluru/Bangalore +123 more,30 years old,5k-10k Employees
3,HCL Infosystems,3.9,1.5k Reviews,Public,Noida +105 more,47 years old,51-200 Employees
4,XpressBees,3.8,1.5k Reviews,Indian Unicorn,Pune +195 more,8 years old,1k-5k Employees
5,Datamatics Global Services,3.6,1.5k Reviews,Public,Mumbai +25 more,48 years old,1k-5k Employees
6,BHEL,4.2,1.5k Reviews,Fortune India 500,Bangalore/Bengaluru +94 more,59 years old,10k-50k Employees
7,Raymond,4.1,1.5k Reviews,Public,New York +113 more,98 years old,5k-10k Employees
8,V-Mart,4.2,1.5k Reviews,Public,Gurgaon/Gurugram +219 more,21 years old,5k-10k Employees
9,Indus Towers,4.0,1.5k Reviews,Fortune India 500,Gurgaon +124 more,16 years old,1k-5k Employees
10,DS Group,4.0,1.5k Reviews,Conglomerate,Noida +150 more,94 years old,1k-5k Employees
11,Parle Agro,4.2,1.5k Reviews,39 years old,Mumbai +161 more,39 years old,1k-5k Employees
12,Mahindra Holidays & Resorts,3.7,1.5k Reviews,27 years old,Mumbai +90 more,27 years old,5k-10k Employees
13,Zomato,3.7,1.5k Reviews,Public,Gurgaon +155 more,15 years old,1k-5k Employees
14,Barclays,4.1,1.5k Reviews,Forbes Global 2000,London +24 more,333 years old,10k-50k Employees
15,Poonawalla Fincorp,3.9,1.5k Reviews,Public,Mumbai +242 more,35 years old,5k-10k Employees
16,Kalpataru Power Transmission,4.1,1.5k Reviews,Public,Mumbai +193 more,42 years old,1k-5k Employees
17,Indian Railways,4.1,1.5k Reviews,Central,Delhi/NCR +190 more,170 years old,1 Lakh+ Employees
18,LTIMindtree,3.7,1.5k Reviews,Pune +20 ,Pune +20 more,27 years old,27 years old
19,Ambuja Cements,3.9,1.5k Reviews,Public,Mumbai +175 more,40 years old,5k-10k Employees
0,SRF,4.3,1.4k Reviews,Public,Gurgaon/Gurugram +42 more,53 years old,5k-10k Employees
1,Info Edge,4.1,1.4k Reviews,Public,Noida +53 more,28 years old,1k-5k Employees
2,Whirlpool,4.1,1.4k Reviews,Public,Michigan +128 more,112 years old,1k-5k Employees
3,Cybage,4.0,1.4k Reviews,28 years old,Pune +7 more,28 years old,5k-10k Employees
4,Shriram City,4.1,1.4k Reviews,Public,Chennai +402 more,37 years old,10k-50k Employees
5,Reliance Trends,4.3,1.4k Reviews,Conglomerate,Navi Mumbai +294 more,17 years old,1 Lakh+ Employees
6,ICICI Securities,3.8,1.4k Reviews,28 years old,Mumbai +113 more,28 years old,Public
7,Kansai Nerolac Paints,3.9,1.4k Reviews,Public,Mumbai +137 more,103 years old,1k-5k Employees
8,Myntra,4.1,1.4k Reviews,16 years old,Bangalore +89 more,16 years old,1k-5k Employees
9,Force Motors,3.4,1.4k Reviews,Public,Pune +78 more,65 years old,1k-5k Employees
10,Cadila Pharmaceuticals,3.3,1.4k Reviews,Public,Ahmedabad +98 more,72 years old,5k-10k Employees
11,Sterling & Wilson,4.1,1.4k Reviews,96 years old,Mumbai +76 more,96 years old,5k-10k Employees
12,Shell,4.3,1.4k Reviews,Public,London +74 more,19 years old,10k-50k Employees
13,Shahi Exports,4.0,1.4k Reviews,49 years old,Faridabad +52 more,49 years old,1 Lakh+ Employees
14,ITC Hotels,4.1,1.4k Reviews,Public,Kolkata +68 more,48 years old,5k-10k Employees
15,BT Group,4.1,1.4k Reviews,Forbes Global 2000,London +15 more,177 years old,10k-50k Employees
16,3i Infotech,3.6,1.4k Reviews,Public,Mumbai +96 more,30 years old,1k-5k Employees
17,JCB,4.0,1.4k Reviews,78 years old,Rocester +77 more,78 years old,1k-5k Employees
18,Taurus BPO Services,4.7,1.4k Reviews,8 years old,Pune +11 more,8 years old,1k-5k Employees
19,Endurance Technologies,3.8,1.4k Reviews,Public,Aurangabad +35 more,38 years old,1k-5k Employees
0,Blinkit,3.8,1.4k Reviews,Indian Unicorn,Gurgaon +56 more,10 years old,1k-5k Employees
1,Bharti AXA Life Insurance,3.9,1.4k Reviews,17 years old,Mumbai +211 more,17 years old,5k-10k Employees
2,Delphi TVS,4.0,1.4k Reviews,34 years old,Kanchipuram +27 more,34 years old,1k-5k Employees
3,Lodha group,4.1,1.4k Reviews,Fortune India 500,Mumbai +19 more,43 years old,1k-5k Employees
4,Brakes India,4.0,1.4k Reviews,Fortune India 500,Chennai +67 more,61 years old,1k-5k Employees
5,JK Tyres,3.8,1.4k Reviews,Fortune India 500,New Delhi +120 more,72 years old,1k-5k Employees
6,Bharat Petroleum,4.1,1.4k Reviews,Fortune India 500,Mumbai +196 more,71 years old,5k-10k Employees
7,Future Generali India Life Insurance,3.8,1.4k Reviews,16 years old,Mumbai +154 more,16 years old,1k-5k Employees
8,Sobha,4.0,1.4k Reviews,Public,Bangalore/Bengaluru +34 more,28 years old,1k-5k Employees
9,ZS,3.6,1.4k Reviews,40 years old,Evanston +6 more,40 years old,5k-10k Employees
10,Syngene International,3.9,1.4k Reviews,Public,Bangalore/Bengaluru +12 more,30 years old,1k-5k Employees
11,Tata Motors Finance,4.2,1.4k Reviews,Conglomerate,Mumbai +207 more,66 years old,1k-5k Employees
12,Coromandel International,4.1,1.3k Reviews,Public,Hyderabad/Secunderabad +136 more,62 years old,5k-10k Employees
13,café Coffee day,4.0,1.3k Reviews,27 years old,Bengaluru +85 more,27 years old,10k-50k Employees
14,Fujitsu,4.0,1.3k Reviews,Forbes Global 2000,Bangalore/Bengaluru +21 more,88 years old,5k-10k Employees
15,Aavas Financiers,4.0,1.3k Reviews,Public,Jaipur +211 more,12 years old,5k-10k Employees
16,Thomson Reuters,4.2,1.3k Reviews,Forbes Global 2000,Toronto +23 more,15 years old,1k-5k Employees
17,Mahindra Rural Housing Finance,4.1,1.3k Reviews,Public,Mumbai +345 more,16 years old,5k-10k Employees
18,Gabriel India,4.2,1.3k Reviews,Public,Pune +34 more,62 years old,1k-5k Employees
19,Movate,3.6,1.3k Reviews,27 years old,Plano +23 more,27 years old,10k-50k Employees (Global)
0,Indian Navy,4.6,1.3k Reviews,Central,Delhi/NCR +55 more,73 years old,50k-1 Lakh Employees
1,MSN Laboratories,3.8,1.3k Reviews,20 years old,Hyderabad/Secunderabad +58 more,20 years old,1k-5k Employees
2,Tata Elxsi,4.0,1.3k Reviews,Public,Bangalore/Bengaluru +18 more,34 years old,10k-50k Employees
3,Bureau Veritas,3.9,1.3k Reviews,Forbes Global 2000,Paris La Défense +87 more,195 years old,1k-5k Employees
4,Big Bazaar,4.2,1.3k Reviews,Conglomerate,Mumbai +151 more,22 years old,10k-50k Employees
5,Honda,4.1,1.3k Reviews,Forbes Global 2000,Greater Noida +183 more,38 years old,10k-50k Employees
6,Sopra Steria,4.0,1.3k Reviews,Conglomerate,Paris +12 more,55 years old,5k-10k Employees
7,Care Health Insurance,3.8,1.3k Reviews,Public,Gurgaon +171 more,11 years old,5k-10k Employees
8,Kyndryl,4.0,1.3k Reviews,2 years old,New York +18 more,2 years old,10k-50k Employees
9,suzuki motor gujarat,4.2,1.3k Reviews,,Becharaji +60 more,Fortune India 500,Becharaji +60 more
10,Lucas-TVS,4.0,1.3k Reviews,62 years old,Chennai +49 more,62 years old,5k-10k Employees
11,GVK Emergency Management and Research Institute,3.7,1.3k Reviews,18 years old,Hyderabad/Secunderabad +124 more,18 years old,10k-50k Employees
12,Ninjacart,3.9,1.3k Reviews,Startup,Bangalore +85 more,8 years old,1k-5k Employees
13,Adani Wilmar,4.2,1.3k Reviews,Public,Ahmedabad +127 more,24 years old,1k-5k Employees
14,CAMS,3.7,1.3k Reviews,35 years old,Chennai +88 more,35 years old,5k-10k Employees
15,Power Mech Projects,3.8,1.3k Reviews,Public,Hyderabad/Secunderabad +100 more,16 years old,1k-5k Employees
16,UpGrad,4.1,1.3k Reviews,Indian Unicorn,San Francisco +33 more,8 years old,1k-5k Employees
17,Parle Products,3.9,1.3k Reviews,94 years old,Mumbai +164 more,94 years old,1k-5k Employees
18,TVS Sundram Fasteners,3.7,1.3k Reviews,Public,Chennai +36 more,61 years old,1k-5k Employees
19,Exide Life Insurance,3.8,1.3k Reviews,22 years old,Bangalore/Bengaluru +185 more,22 years old,1k-5k Employees
0,SAP,4.3,1.3k Reviews,Forbes Global 2000,Walldorf +37 more,51 years old,5k-10k Employees
1,RMSI,3.8,1.3k Reviews,31 years old,Noida +13 more,31 years old,1k-5k Employees
2,PHN Technology,4.6,1.3k Reviews,,Pune +29 more,,
3,Uflex,3.8,1.3k Reviews,Public,Noida +40 more,38 years old,5k-10k Employees
4,Cisco,4.4,1.3k Reviews,Public,San Jose +30 more,39 years old,10k-50k Employees
5,ValueLabs,3.8,1.3k Reviews,26 years old,Hyderabad/Secunderabad +12 more,26 years old,5k-10k Employees
6,Motilal Oswal Financial Services,3.6,1.3k Reviews,36 years old,Mumbai +113 more,36 years old,Public
7,Jindal Stainless,4.2,1.3k Reviews,Public,Delhi/NCR +39 more,53 years old,1k-5k Employees
8,Canara HSBC Life Insurance,3.7,1.3k Reviews,15 years old,Gurgaon/Gurugram +216 more,15 years old,1k-5k Employees
9,Unacademy,3.4,1.3k Reviews,Indian Unicorn,Bangalore +44 more,8 years old,1k-5k Employees
10,Tata Capital Financial Services,4.2,1.3k Reviews,Public,Mumbai +136 more,16 years old,1k-5k Employees
11,Wockhardt,3.9,1.3k Reviews,Public,Mumbai +70 more,24 years old,5k-10k Employees
12,Renault Nissan Technology & Business Centre India,3.8,1.3k Reviews,16 years old,Chennai +12 more,16 years old,5k-10k Employees (Global)
13,Citicorp,3.8,1.3k Reviews,26 years old,Mumbai +22 more,26 years old,201-500 Employees
14,AXA Business Services,3.8,1.3k Reviews,77 years old,Paris +7 more,77 years old,1k-5k Employees
15,AECOM,4.2,1.3k Reviews,33 years old,Dallas +98 more,33 years old,1k-5k Employees
16,IDBI Bank,3.8,1.3k Reviews,Public,Mumbai +255 more,59 years old,10k-50k Employees
17,Laurus Labs,4.2,1.2k Reviews,Public,Hyderabad/Secunderabad +11 more,18 years old,1k-5k Employees
18,BA Continuum,4.3,1.2k Reviews,20 years old,Gurgaon/Gurugram +14 more,20 years old,10k-50k Employees
19,NoBroker,3.4,1.2k Reviews,Indian Unicorn,Bangalore +27 more,9 years old,1k-5k Employees
0,Hindustan Aeronautics,4.3,1.2k Reviews,Fortune India 500,Bangalore/Bengaluru +41 more,83 years old,10k-50k Employees
1,Indiabulls,3.7,1.2k Reviews,Public,Gurgaon/Gurugram +142 more,23 years old,1k-5k Employees
2,Fincare Small Finance Bank,4.0,1.2k Reviews,16 years old,Bangalore +286 more,16 years old,5k-10k Employees
3,Star Health & Allied Insurance,3.9,1.2k Reviews,Fortune India 500,Chennai +217 more,17 years old,10k-50k Employees
4,Citibank,4.0,1.2k Reviews,Fortune India 500,New York +46 more,211 years old,1-10 Employees
5,XL Dynamics,3.4,1.2k Reviews,21 years old,Navi Mumbai +27 more,21 years old,1k-5k Employees
6,Bhushan Power & Steel,4.0,1.2k Reviews,53 years old,Delhi/NCR +49 more,53 years old,5k-10k Employees
7,Vedantu,3.4,1.2k Reviews,Indian Unicorn,Bangalore +50 more,12 years old,5k-10k Employees
8,Bank of Baroda,3.6,1.2k Reviews,Fortune India 500,Vadodara/Baroda +213 more,115 years old,50k-1 Lakh Employees
9,G R Infraprojects,4.1,1.2k Reviews,Public,Udaipur +121 more,28 years old,10k-50k Employees
10,Xoriant,4.0,1.2k Reviews,33 years old,Sunnyvale +17 more,33 years old,1k-5k Employees
11,MetLife,4.4,1.2k Reviews,Forbes Global 2000,New York +29 more,15 years old,1k-5k Employees
12,Vardhman Fabrics,4.1,1.2k Reviews,Fortune India 500,Baddi +51 more,Fortune India 500,10k-50k Employees
13,Dr Lal PathLabs,4.2,1.2k Reviews,Public,Gurgaon/Gurugram +126 more,74 years old,1k-5k Employees
14,DBS Bank,3.8,1.2k Reviews,8 years old,Hyderabad/Secunderabad +124 more,8 years old,5k-10k Employees
15,Tata Play,4.0,1.2k Reviews,Public,Mumbai +174 more,17 years old,1k-5k Employees
16,Kotak Securities,3.7,1.2k Reviews,Conglomerate,Mumbai +111 more,29 years old,5k-10k Employees
17,VVDN Technologies,3.6,1.2k Reviews,16 years old,Gurgaon +22 more,16 years old,1k-5k Employees
18,Narayana Health,4.2,1.2k Reviews,Fortune India 500,Bangalore/Bengaluru +51 more,23 years old,10k-50k Employees
19,Sify Technologies,4.0,1.2k Reviews,28 years old,Chennai +90 more,28 years old,1k-5k Employees
0,CMA CGM,4.1,1.2k Reviews,45 years old,Marseille +26 more,45 years old,1k-5k Employees
1,Aragen Life Sciences,4.2,1.2k Reviews,23 years old,Hyderabad/Secunderabad +14 more,23 years old,1k-5k Employees
2,Harman Connected Services,3.7,1.2k Reviews,22 years old,Mountain View +12 more,22 years old,10k-50k Employees
3,Aditya Birla Capital,4.0,1.2k Reviews,Public,Mumbai +181 more,16 years old,10k-50k Employees
4,Akums Drugs & Pharmaceuticals,4.0,1.2k Reviews,19 years old,Delhi/NCR +26 more,19 years old,1k-5k Employees
5,Philips,3.9,1.2k Reviews,Forbes Global 2000,Amsterdam +77 more,93 years old,5k-10k Employees
6,Reliance General Insurance,3.8,1.2k Reviews,23 years old,Mumbai +160 more,23 years old,5k-10k Employees
7,Honeywell Automation,3.9,1.2k Reviews,Public,Morris Plains +55 more,117 years old,10k-50k Employees
8,PhonePe,4.1,1.2k Reviews,Indian Unicorn,Bangalore +171 more,8 years old,501-1k Employees
9,HERE Technologies,3.9,1.2k Reviews,38 years old,Eindhoven +11 more,38 years old,1k-5k Employees
10,SGS,4.0,1.2k Reviews,145 years old,Geneva +93 more,145 years old,Forbes Global 2000
11,Yamaha Motor,4.0,1.2k Reviews,Fortune India 500,Iwata +118 more,16 years old,1k-5k Employees
12,Hero FinCorp,4.2,1.2k Reviews,32 years old,Delhi +272 more,32 years old,5k-10k Employees
13,Quest Global,3.6,1.2k Reviews,Singapore +24 ,Singapore +24 more,26 years old,26 years old
14,BT Global Services,4.1,1.2k Reviews,23 years old,London +8 more,23 years old,1k-5k Employees
15,Crisil,3.8,1.2k Reviews,Public,Mumbai +46 more,36 years old,1k-5k Employees
16,Intellect Design Arena,4.0,1.2k Reviews,Public,Chennai +23 more,9 years old,1k-5k Employees
17,Novartis,4.1,1.2k Reviews,27 years old,Switzerland +59 more,27 years old,1k-5k Employees
18,Sigma Electric Manufacturing Corporation,4.0,1.2k Reviews,41 years old,Garner +15 more,41 years old,1k-5k Employees
19,Straive,3.6,1.2k Reviews,43 years old,Singapore +16 more,43 years old,1k-5k Employees
